文献ID,DOI,DOI_normalized,英文题名,英文题名_normalized,中文题名,中文题名_normalized,第一作者,年份,期刊/来源,官方网页,核验状态
DCBM-001,10.13225/j.cnki.jccs.2025.1552,10.13225/j.cnki.jccs.2025.1552,Advances and prospects in deep coalbed methane exploration and development in China during the “14th Five-Year Plan” period,advances and prospects in deep coalbed methane exploration and development in china during the 14th fiveyear plan period,中国“十四五”时期深部煤层气勘探开发新进展与前景展望,中国十四五时期深部煤层气勘探开发新进展与前景展望,TAO Shu,2026,Journal of China Coal Society / 煤炭学报,https://www.mtxb.com.cn/article/doi/10.13225/j.cnki.jccs.2025.1552,题名、作者、DOI、期刊页已核验；页码来自期刊检索页
DCBM-002,10.1016/j.coal.2023.104369,10.1016/j.coal.2023.104369,A comprehensive review of deep coalbed methane and recent developments in China,a comprehensive review of deep coalbed methane and recent developments in china,深部煤层气及中国最新进展综合综述,深部煤层气及中国最新进展综合综述,LI Song,2023,International Journal of Coal Geology,https://www.sciencedirect.com/science/article/pii/S0166516223001611,题名、作者、期刊、卷、文章号、DOI均已核验
DCBM-003,10.13225/j.cnki.jccs.YH23.1290,10.13225/j.cnki.jccs.yh23.1290,Theoretical and technological system for highly efficient development of deep coalbed methane in the eastern edge of Ordos Basin,theoretical and technological system for highly efficient development of deep coalbed methane in the eastern edge of ordos basin,鄂尔多斯盆地东缘深部煤层气高效开发理论技术体系,鄂尔多斯盆地东缘深部煤层气高效开发理论技术体系,XU Fengyin,2024,Journal of China Coal Society / 煤炭学报,https://www.mtxb.com.cn/en/article/doi/10.13225/j.cnki.jccs.YH23.1290,题名、作者、DOI、卷期页码已核验
DCBM-004,10.13225/j.cnki.jccs.2023.1120,10.13225/j.cnki.jccs.2023.1120,"Practice and understanding of deep coalbed methane massive hydraulic fracturing in Shenfu Block, Ordos Basin",practice and understanding of deep coalbed methane massive hydraulic fracturing in shenfu block ordos basin,鄂尔多斯盆地神府区块深部煤层气体积压裂实践与认识,鄂尔多斯盆地神府区块深部煤层气体积压裂实践与认识,AN Qi,2024,Journal of China Coal Society / 煤炭学报,https://www.mtxb.com.cn/en/article/doi/10.13225/j.cnki.jccs.2023.1120,题名、作者、DOI、卷期页码已核验
DCBM-005,10.1016/j.ees.2024.08.001,10.1016/j.ees.2024.08.001,Challenges and development direction of deep fragmented soft coalbed methane in China,challenges and development direction of deep fragmented soft coalbed methane in china,中国深部破碎软煤煤层气面临的挑战与发展方向,中国深部破碎软煤煤层气面临的挑战与发展方向,LU Yiyu,2025,Earth Energy Science,https://www.sciencedirect.com/science/article/pii/S2950154724000059,题名、作者、期刊、卷期页码、DOI已核验
DCBM-006,10.12363/issn.1001-1986.23.10.0645,10.12363/issn.1001-1986.23.10.0645,Outcomes and implications of pilot tests for deep coalbed methane production on the eastern margin of the Ordos Basin,outcomes and implications of pilot tests for deep coalbed methane production on the eastern margin of the ordos basin,鄂尔多斯盆地东缘深部煤层气开发先导试验成果与启示,鄂尔多斯盆地东缘深部煤层气开发先导试验成果与启示,NIE Zhihong,2024,Coal Geology & Exploration / 煤田地质与勘探,https://cge.researchcommons.org/journal/vol52/iss2/2/,题名、作者、DOI、期刊卷期已核验；作者列表部分以et al.保留
DCBM-007,10.12363/issn.1001-1986.23.12.0867,10.12363/issn.1001-1986.23.12.0867,"Exploration and exploitation of deep coalbed methane in the Baijiahai uplift, Junggar Basin: progress and its implications",exploration and exploitation of deep coalbed methane in the baijiahai uplift junggar basin progress and its implications,准噶尔盆地白家海凸起深部煤层气勘探开发进展及启示,准噶尔盆地白家海凸起深部煤层气勘探开发进展及启示,LAN Hao,2024,Coal Geology & Exploration / 煤田地质与勘探,https://cge.researchcommons.org/journal/vol52/iss2/3/,题名、作者、DOI、期刊卷期已核验；作者列表部分以et al.保留
DCBM-008,10.12363/issn.1001-1986.23.10.0698,10.12363/issn.1001-1986.23.10.0698,Deep coalbed methane production technology for the eastern margin of the Ordos Basin: Advances and their implications,deep coalbed methane production technology for the eastern margin of the ordos basin advances and their implications,鄂尔多斯盆地东缘深部煤层气开发技术进展与启示,鄂尔多斯盆地东缘深部煤层气开发技术进展与启示,ZENG Wenting,2024,Coal Geology & Exploration / 煤田地质与勘探,https://cge.researchcommons.org/journal/vol52/iss2/4/,题名、作者、DOI、期刊卷期已核验；作者列表部分以et al.保留
DCBM-009,10.12363/issn.1001-1986.24.01.0026,10.12363/issn.1001-1986.24.01.0026,Enrichment patterns and exploration countermeasures of deep coalbed methane in the Linxing-Shenfu block on the eastern margin of the Ordos Basin,enrichment patterns and exploration countermeasures of deep coalbed methane in the linxingshenfu block on the eastern margin of the ordos basin,鄂尔多斯盆地东缘临兴—神府区块深部煤层气富集规律与勘探对策,鄂尔多斯盆地东缘临兴神府区块深部煤层气富集规律与勘探对策,XU Changgui,2024,Coal Geology & Exploration / 煤田地质与勘探,https://cge.researchcommons.org/journal/vol52/iss8/2/,题名、作者、DOI、期刊卷期已核验；作者列表部分以et al.保留
DCBM-010,10.12363/issn.1001-1986.24.01.0079,10.12363/issn.1001-1986.24.01.0079,Critical drilling and completion techniques for deep coalbed methane in the Shenfu block and their applications,critical drilling and completion techniques for deep coalbed methane in the shenfu block and their applications,神府区块深部煤层气关键钻完井技术及应用,神府区块深部煤层气关键钻完井技术及应用,WANG Peng,2024,Coal Geology & Exploration / 煤田地质与勘探,https://cge.researchcommons.org/journal/vol52/iss8/6/,题名、作者、DOI、期刊卷期已核验；作者列表部分以et al.保留
DCBM-011,10.12363/issn.1001-1986.24.01.0082,10.12363/issn.1001-1986.24.01.0082,Technology for efficient production of deep coalbed methane in the Shenfu block,technology for efficient production of deep coalbed methane in the shenfu block,神府区块深部煤层气高效生产技术,神府区块深部煤层气高效生产技术,LI Bin,2024,Coal Geology & Exploration / 煤田地质与勘探,https://cge.researchcommons.org/journal/vol52/iss8/7/,题名、作者、DOI、期刊卷期已核验
DCBM-012,10.12363/issn.1001-1986.24.01.0042,10.12363/issn.1001-1986.24.01.0042,Predicting the “sweet spot” of deep coalbed methane based on resource conditions and fracability,predicting the sweet spot of deep coalbed methane based on resource conditions and fracability,基于资源条件与可压裂性的深部煤层气甜点预测,基于资源条件与可压裂性的深部煤层气甜点预测,ZHAO Zhigang,2024,Coal Geology & Exploration / 煤田地质与勘探,https://cge.researchcommons.org/journal/vol52/iss8/4/,题名、作者、DOI、期刊卷期已核验
DCBM-013,10.12363/issn.1001-1986.25.06.0471,10.12363/issn.1001-1986.25.06.0471,"Differences in gas-bearing properties of deep and shallow coal reservoirs: A case study of the Xishanyao Formation in the Baijiahai Uplift, Junggar Basin, Xinjiang",differences in gasbearing properties of deep and shallow coal reservoirs a case study of the xishanyao formation in the baijiahai uplift junggar basin xinjiang,深浅层煤储层含气性差异：以新疆准噶尔盆地白家海凸起西山窑组为例,深浅层煤储层含气性差异以新疆准噶尔盆地白家海凸起西山窑组为例,MI Julei,2025,Coal Geology & Exploration / 煤田地质与勘探,https://cge.researchcommons.org/journal/vol53/iss11/14/,题名、作者、DOI、期刊卷期已核验；作者列表部分以et al.保留
DCBM-014,10.12363/issn.1001-1986.23.10.0693,10.12363/issn.1001-1986.23.10.0693,Differences in geological conditions of deep and shallow coalbed methane and their formation mechanisms,differences in geological conditions of deep and shallow coalbed methane and their formation mechanisms,深浅层煤层气地质条件差异及形成机制,深浅层煤层气地质条件差异及形成机制,XU Hao,2024,Coal Geology & Exploration / 煤田地质与勘探,https://cge.researchcommons.org/journal/vol52/iss2/5/,题名、作者、DOI、期刊卷期已核验；作者列表部分以et al.保留
DCBM-015,10.1016/j.ijmst.2024.06.010,10.1016/j.ijmst.2024.06.010,Excess pore pressure behavior and evolution in deep coalbed methane reservoirs,excess pore pressure behavior and evolution in deep coalbed methane reservoirs,深部煤层气储层超压行为及其演化,深部煤层气储层超压行为及其演化,LIU Changqing,2024,International Journal of Mining Science and Technology,https://www.sciencedirect.com/science/article/pii/S2095268624000842,题名、作者、期刊、卷期页码、DOI已核验
DCBM-016,10.1016/j.ngib.2025.08.004,10.1016/j.ngib.2025.08.004,"Permeability evolution mechanism in deep coalbed methane extraction: Considering the competitive effects of adsorption-induced swelling, creep, and aperture compression",permeability evolution mechanism in deep coalbed methane extraction considering the competitive effects of adsorptioninduced swelling creep and aperture compression,深部煤层气开采渗透率演化机制：考虑吸附膨胀、蠕变与裂隙压缩的竞争效应,深部煤层气开采渗透率演化机制考虑吸附膨胀蠕变与裂隙压缩的竞争效应,YANG Yanhui,2025,Natural Gas Industry B,https://www.sciencedirect.com/science/article/pii/S2352854025000579,题名、作者、期刊、卷期页码、DOI已核验
DCBM-017,10.1016/j.ngib.2024.08.002,10.1016/j.ngib.2024.08.002,"Numerical modeling of deep coalbed methane accumulation in the central-eastern Ordos Basin, China",numerical modeling of deep coalbed methane accumulation in the centraleastern ordos basin china,鄂尔多斯盆地中东部深部煤层气成藏数值模拟,鄂尔多斯盆地中东部深部煤层气成藏数值模拟,WANG Bing,2024,Natural Gas Industry B,https://www.sciencedirect.com/science/article/pii/S2352854024000521,题名、作者、期刊卷期页码、DOI已核验；作者列表部分以et al.保留
DCBM-018,10.1177/01445987241269546,10.1177/01445987241269546,Discussion on the production mechanism of deep coalbed methane in the eastern margin of the Ordos Basin,discussion on the production mechanism of deep coalbed methane in the eastern margin of the ordos basin,鄂尔多斯盆地东缘深部煤层气产出机理探讨,鄂尔多斯盆地东缘深部煤层气产出机理探讨,YU Lizhu,2024,Energy Exploration & Exploitation,https://journals.sagepub.com/doi/10.1177/01445987241269546,题名、作者、卷期、DOI已核验；页码待补
DCBM-019,10.1021/acs.energyfuels.4c01065,10.1021/acs.energyfuels.4c01065,Dynamic Production Characteristics of Deep Coalbed Methane: A Case Study of Daning-Jixian Block,dynamic production characteristics of deep coalbed methane a case study of daningjixian block,深部煤层气动态生产特征：以大宁—吉县区块为例,深部煤层气动态生产特征以大宁吉县区块为例,ZHANG Xuanrui,2024,Energy & Fuels,https://pubs.acs.org/doi/10.1021/acs.energyfuels.4c01065,题名、期刊、卷期页码、DOI已核验；作者列表部分以et al.保留
DCBM-020,10.1021/acs.energyfuels.5c00111,10.1021/acs.energyfuels.5c00111,Deep Coalbed Methane Production Potential Based on Isothermal Adsorption Curves in the Ordos Basin of China,deep coalbed methane production potential based on isothermal adsorption curves in the ordos basin of china,基于等温吸附曲线的鄂尔多斯盆地深部煤层气产能潜力评价,基于等温吸附曲线的鄂尔多斯盆地深部煤层气产能潜力评价,ZHI Yuanhao,2025,Energy & Fuels,https://pubs.acs.org/doi/10.1021/acs.energyfuels.5c00111,题名、DOI、期刊和发表时间已核验；页码待补
DCBM-021,10.1021/acs.energyfuels.5c06267,10.1021/acs.energyfuels.5c06267,Review and Outlook of Pore Structure Characteristics and Flow Mechanisms in Deep Coalbed Methane Reservoirs: Advances and Perspectives,review and outlook of pore structure characteristics and flow mechanisms in deep coalbed methane reservoirs advances and perspectives,深部煤层气储层孔隙结构特征与流动机制研究进展与展望,深部煤层气储层孔隙结构特征与流动机制研究进展与展望,WANG Xinyi,2026,Energy & Fuels,https://pubs.acs.org/doi/10.1021/acs.energyfuels.5c06267,题名、DOI、期刊页已核验；卷期页码待补，作者需以ACS最终页面为准复核
DCBM-022,10.12363/issn.1001-1986.24.10.0618,10.12363/issn.1001-1986.24.10.0618,Factors influencing the production of coalbed methane from deep reservoirs,factors influencing the production of coalbed methane from deep reservoirs,深部储层煤层气产出的影响因素,深部储层煤层气产出的影响因素,WANG Zhenzhi,2025,Coal Geology & Exploration / 煤田地质与勘探,https://cge.researchcommons.org/journal/vol53/iss2/9/,CGE期刊页核验：题名、作者、DOI、卷期、Article号。
DCBM-023,10.12363/issn.1001-1986.24.09.0592,10.12363/issn.1001-1986.24.09.0592,Critical technologies and geology-engineering integration practices for deep CBM production in the Yanchuannan CBM field,critical technologies and geologyengineering integration practices for deep cbm production in the yanchuannan cbm field,延川南煤层气田深部煤层气高效建产关键技术与地质—工程一体化实践,延川南煤层气田深部煤层气高效建产关键技术与地质工程一体化实践,CHEN Zhenlong,2025,Coal Geology & Exploration / 煤田地质与勘探,https://cge.researchcommons.org/journal/vol53/iss1/11/,CGE期刊页核验：题名、作者、DOI、卷期、Article号。
DCBM-024,10.12363/issn.1001-1986.24.12.0775,10.12363/issn.1001-1986.24.12.0775,Chemical temporary plugging-based full-bore reconstruction technology for old wellbores for the collaborative production of tight-sand gas and deep coalbed methane,chemical temporary pluggingbased fullbore reconstruction technology for old wellbores for the collaborative production of tightsand gas and deep coalbed methane,致密砂岩气与深部煤层气协同开发老井筒化学暂堵全井筒重构技术,致密砂岩气与深部煤层气协同开发老井筒化学暂堵全井筒重构技术,YANG Fan,2025,Coal Geology & Exploration / 煤田地质与勘探,https://cge.researchcommons.org/journal/vol53/iss6/15/,CGE期刊页核验：题名、完整作者、摘要、DOI、卷期、Article号。
DCBM-025,10.12363/issn.1001-1986.24.11.0727,10.12363/issn.1001-1986.24.11.0727,Prediction of geological and engineering integrated sweet spots of deep coalbed methane,prediction of geological and engineering integrated sweet spots of deep coalbed methane,深部煤层气地质—工程一体化甜点预测,深部煤层气地质工程一体化甜点预测,CHEN Zhengrong,2025,Coal Geology & Exploration / 煤田地质与勘探,https://cge.researchcommons.org/journal/vol53/iss6/16/,CGE期刊页核验：题名、作者、摘要、DOI、卷期、Article号。
DCBM-026,10.12438/cst.2025-0010,10.12438/cst.2025-0010,Occurrence phase and gas-bearing evolution of deep coalbed methane,occurrence phase and gasbearing evolution of deep coalbed methane,深部煤层气赋存相态与含气性演化,深部煤层气赋存相态与含气性演化,TANG Shuheng,2025,Coal Science and Technology / 煤炭科学技术,https://www.mtkxjs.com.cn/article/doi/10.12438/cst.2025-0010,煤炭科学技术期刊页核验：中文题名、作者、DOI；卷期页码来自引用格式。
DCBM-027,10.13225/j.cnki.jccs.2025.0437,10.13225/j.cnki.jccs.2025.0437,Development mechanism and practical significance of deep coalbed (rock) gas imbibition-displacement,development mechanism and practical significance of deep coalbed rock gas imbibitiondisplacement,深部煤层(岩)气渗吸置换开发机理及其实践意义,深部煤层岩气渗吸置换开发机理及其实践意义,ZHOU Lihong,2025,Journal of China Coal Society / 煤炭学报,https://www.mtxb.com.cn/article/doi/10.13225/j.cnki.jccs.2025.0437,煤炭学报期刊页/PDF核验：题名、作者、DOI、卷期页码。
DCBM-028,10.3389/feart.2026.1772109,10.3389/feart.2026.1772109,Evaluation of development effectiveness of deep coalbed methane based on flowback characteristics-a case study of the Daning-Jixian block,evaluation of development effectiveness of deep coalbed methane based on flowback characteristicsa case study of the daningjixian block,基于返排特征的深部煤层气开发效果评价——以大宁—吉县区块为例,基于返排特征的深部煤层气开发效果评价以大宁吉县区块为例,SUN Wei,2026,Frontiers in Earth Science,https://www.frontiersin.org/journals/earth-science/articles/10.3389/feart.2026.1772109/full,Frontiers期刊页核验：题名、作者、发表日期、卷、文章号、DOI。
DCBM-029,10.1038/s41598-025-01345-z,10.1038/s41598-025-01345-z,"Sealing mechanisms and enrichment patterns of deep coalbed methane: insights from the Jiaxian block, Ordos Basin",sealing mechanisms and enrichment patterns of deep coalbed methane insights from the jiaxian block ordos basin,深部煤层气封盖机制与富集模式：来自鄂尔多斯盆地佳县区块的认识,深部煤层气封盖机制与富集模式来自鄂尔多斯盆地佳县区块的认识,ZHANG Qifan,2025,Scientific Reports,https://www.nature.com/articles/s41598-025-01345-z,Nature/Scientific Reports期刊页核验：题名、作者、卷、文章号、DOI。
DCBM-030,10.1016/S1876-3804(24)60035-2,10.1016/s1876-3804(24)60035-2,"Extreme massive hydraulic fracturing in deep coalbed methane horizontal wells: A case study of the Linxing Block, eastern Ordos Basin, NW China",extreme massive hydraulic fracturing in deep coalbed methane horizontal wells a case study of the linxing block eastern ordos basin nw china,深部煤层气水平井极限规模体积压裂技术：以鄂尔多斯盆地东缘临兴区块为例,深部煤层气水平井极限规模体积压裂技术以鄂尔多斯盆地东缘临兴区块为例,YANG Fan,2024,Petroleum Exploration and Development,https://www.sciencedirect.com/science/article/pii/S1876380424600352,ScienceDirect/PED页面核验：题名、作者、DOI；页码参考期刊引用格式。
DCBM-031,10.12363/issn.1001-1986.23.07.0436,10.12363/issn.1001-1986.23.07.0436,"Deep coalbed methane resources in the Shenmu-Jiaxian block, Ordos Basin, China: Geological characteristics and potential for exploration and exploitation",deep coalbed methane resources in the shenmujiaxian block ordos basin china geological characteristics and potential for exploration and exploitation,鄂尔多斯盆地神木—佳县区块深部煤层气资源：地质特征及勘探开发潜力,鄂尔多斯盆地神木佳县区块深部煤层气资源地质特征及勘探开发潜力,LI Guoyong,2024,Coal Geology & Exploration / 煤田地质与勘探,https://cge.researchcommons.org/journal/vol52/iss2/9/,CGE期刊页核验：题名、作者、摘要、DOI、卷期、Article号。
DCBM-032,10.12363/issn.1001-1986.23.10.0684,10.12363/issn.1001-1986.23.10.0684,Accumulation characteristics and exploration prospects of deep coalbed methane in the Longtan Formation of the Nanchuan block on the southeastern margin of the Sichuan Basin,accumulation characteristics and exploration prospects of deep coalbed methane in the longtan formation of the nanchuan block on the southeastern margin of the sichuan basin,四川盆地东南缘南川区块龙潭组深部煤层气成藏特征与勘探前景,四川盆地东南缘南川区块龙潭组深部煤层气成藏特征与勘探前景,GUO Tao,2024,Coal Geology & Exploration / 煤田地质与勘探,https://cge.researchcommons.org/journal/vol52/iss4/7/,CGE期刊页核验：题名、完整作者、摘要、DOI、卷期、Article号。
DCBM-033,10.1007/s11053-024-10410-9,10.1007/s11053-024-10410-9,"In Situ Gas Content and Extraction Potential of Ultra-Deep Coalbed Methane in the Sichuan Basin, China",in situ gas content and extraction potential of ultradeep coalbed methane in the sichuan basin china,四川盆地超深部煤层气原位含气量与开采潜力,四川盆地超深部煤层气原位含气量与开采潜力,LI Haiqi,2025,Natural Resources Research,https://link.springer.com/article/10.1007/s11053-024-10410-9,Springer期刊页核验：题名、作者、卷、页码、DOI、发表日期。
DCBM-034,10.12363/issn.1001-1986.23.10.0670,10.12363/issn.1001-1986.23.10.0670,Effects of depth on gas-bearing properties of coal reservoirs and their coupling relationships with coalbed methane accumulation,effects of depth on gasbearing properties of coal reservoirs and their coupling relationships with coalbed methane accumulation,煤储层含气性深度效应及其与煤层气成藏的耦合关系,煤储层含气性深度效应及其与煤层气成藏的耦合关系,CHEN Shida,2024,Coal Geology & Exploration / 煤田地质与勘探,https://cge.researchcommons.org/journal/vol52/iss2/7/,CGE期刊页核验：题名、作者、DOI、卷期、Article号。
DCBM-035,10.12438/cst.2024-0202,10.12438/cst.2024-0202,Progress in completion technology of deep coalbed methane development wells in Qinshui Basin,progress in completion technology of deep coalbed methane development wells in qinshui basin,沁水盆地深部煤层气开发井完井技术进展,沁水盆地深部煤层气开发井完井技术进展,SHEN Penglei,2025,Coal Science and Technology / 煤炭科学技术,https://www.mtkxjs.com.cn/article/doi/10.12438/cst.2024-0202,煤炭科学技术期刊页/引用格式核验：题名、作者、DOI、卷期页码。
DCBM-036,10.12438/cst.2025-0099,10.12438/cst.2025-0099,Characteristics of occurrence and distribution rule of deep coalbed methane in supercritical state,characteristics of occurrence and distribution rule of deep coalbed methane in supercritical state,深部煤层气超临界状态下赋存特征及分配规律,深部煤层气超临界状态下赋存特征及分配规律,ZHOU Lihong,2025,Coal Science and Technology / 煤炭科学技术,https://mtkxjs.com.cn/en/article/doi/10.12438/cst.2025-0099?viewType=HTML,煤炭科学技术英文/中文期刊页核验：题名、作者、卷期页码、DOI。
DCBM-037,10.12438/cst.2025-0088,10.12438/cst.2025-0088,Pore development patterns and gas control effects of No. 8 deep coal seam of Ordos Basin,pore development patterns and gas control effects of no 8 deep coal seam of ordos basin,鄂尔多斯盆地深部8号煤储层孔隙发育模式及其控气作用,鄂尔多斯盆地深部8号煤储层孔隙发育模式及其控气作用,HUANG Daojun,2025,Coal Science and Technology / 煤炭科学技术,https://www.mtkxjs.com.cn/cn/article/pdf/preview/10.12438/cst.2025-0088.pdf,煤炭科学技术PDF片段核验：题名、作者、卷期页码、DOI。
DCBM-038,10.12438/cst.2024-1144,10.12438/cst.2024-1144,Geological control of differential enrichment of deep coalbed methane in the Ordos Basin,geological control of differential enrichment of deep coalbed methane in the ordos basin,鄂尔多斯盆地深部煤层气差异富集的地质控制,鄂尔多斯盆地深部煤层气差异富集的地质控制,FAN Liyong,2025,Coal Science and Technology / 煤炭科学技术,https://www.mtkxjs.com.cn/supplement/e5e8f6ba-d731-42b8-8832-97dd7afb6052,煤炭科学技术检索页/PDF引用片段核验：题名、期刊、卷期页码、DOI；作者列表需全文复核。
DCBM-039,10.1021/acs.energyfuels.6b01720,10.1021/acs.energyfuels.6b01720,Gas Transportation and Enhanced Coalbed Methane Recovery Processes in Deep Coal Seams: A Review,gas transportation and enhanced coalbed methane recovery processes in deep coal seams a review,深部煤层中气体运移与强化煤层气采收过程综述,深部煤层中气体运移与强化煤层气采收过程综述,ZHANG Xiaogang,2016,Energy & Fuels,https://pubs.acs.org/doi/10.1021/acs.energyfuels.6b01720,ACS期刊页/检索结果核验：题名、DOI、期刊、卷期页码。
DCBM-040,10.1016/j.jngse.2018.03.016,10.1016/j.jngse.2018.03.016,"Geological conditions of deep coalbed methane in the eastern margin of the Ordos Basin, China: Implications for coalbed methane development",geological conditions of deep coalbed methane in the eastern margin of the ordos basin china implications for coalbed methane development,鄂尔多斯盆地东缘深部煤层气地质条件及其对煤层气开发的启示,鄂尔多斯盆地东缘深部煤层气地质条件及其对煤层气开发的启示,LI Song,2018,Journal of Natural Gas Science and Engineering,https://www.sciencedirect.com/science/article/abs/pii/S1875510018301318,ScienceDirect期刊页核验：题名、作者、DOI；卷页来自期刊页/引用格式。
DCBM-041,10.7623/syxb202311018,10.7623/syxb202311018,Geological particularity and reservoir engineering response of deep coalbed methane,geological particularity and reservoir engineering response of deep coalbed methane,深部煤层气地质条件特殊性与储层工程响应,深部煤层气地质条件特殊性与储层工程响应,CHEN Shida,2023,Acta Petrolei Sinica / 石油学报,https://www.syxb-cps.com.cn/CN/10.7623/syxb202311018,石油学报期刊页核验：题名、作者、卷期页码、DOI。
DCBM-042,10.7623/syxb202311004,10.7623/syxb202311004,Progress on geological research of deep coalbed methane in China,progress on geological research of deep coalbed methane in china,中国深部煤层气地质研究进展,中国深部煤层气地质研究进展,QIN Yong,2023,Acta Petrolei Sinica / 石油学报,https://www.syxb-cps.com.cn/CN/10.7623/syxb202311004,石油学报期刊页核验：题名、作者、卷期页码、DOI。
DCBM-043,10.12363/issn.1001-1986.25.11.0853,10.12363/issn.1001-1986.25.11.0853,Key techniques for volume fracturing of deep coalbed methane reservoirs and their applications: A case study of the Daning-Jixian block,key techniques for volume fracturing of deep coalbed methane reservoirs and their applications a case study of the daningjixian block,深部煤层气储层体积压裂关键技术及应用：以大宁—吉县区块为例,深部煤层气储层体积压裂关键技术及应用以大宁吉县区块为例,LI Shuguang,2026,Coal Geology & Exploration,https://cge.researchcommons.org/journal/vol54/iss5/11/,题名、前列作者、年份、期刊卷期文章号、DOI和官方网页已核验；完整作者待按期刊页导出核对
DCBM-044,10.12363/issn.1001-1986.25.06.0436,10.12363/issn.1001-1986.25.06.0436,Influence mechanisms of cleats on hydraulic fracture propagation in deep coalbed methane reservoirs,influence mechanisms of cleats on hydraulic fracture propagation in deep coalbed methane reservoirs,割理对深部煤层气储层水力裂缝扩展的影响机制,割理对深部煤层气储层水力裂缝扩展的影响机制,WANG Haiyang,2026,Coal Geology & Exploration,https://cge.researchcommons.org/journal/vol54/iss2/10/,题名、前列作者、年份、期刊卷期文章号、DOI和官方网页已核验；完整作者待按期刊页导出核对
DCBM-045,10.12363/issn.1001-1986.25.05.0348,10.12363/issn.1001-1986.25.05.0348,"Factors influencing productivity and production system optimization for deep coalbed methane in the Daning-Jixian block, Ordos Basin",factors influencing productivity and production system optimization for deep coalbed methane in the daningjixian block ordos basin,鄂尔多斯盆地大宁—吉县区块深部煤层气产能影响因素与生产制度优化,鄂尔多斯盆地大宁吉县区块深部煤层气产能影响因素与生产制度优化,ZHAO Haifeng,2026,Coal Geology & Exploration,https://cge.researchcommons.org/journal/vol54/iss2/8/,题名、前列作者、年份、期刊卷期文章号、DOI和官方网页已核验；完整作者待按期刊页导出核对
DCBM-046,10.12363/issn.1001-1986.25.07.0517,10.12363/issn.1001-1986.25.07.0517,Supersaturation effect and its characterization in gas-rich intervals of deep coal seams,supersaturation effect and its characterization in gasrich intervals of deep coal seams,深部煤层富气段超饱和效应及其表征,深部煤层富气段超饱和效应及其表征,ZHOU Lihong,2025,Coal Geology & Exploration,https://cge.researchcommons.org/journal/vol53/iss12/14/,题名、前列作者、年份、期刊卷期文章号、DOI和官方网页已核验；完整作者待按期刊页导出核对
DCBM-047,10.12363/issn.1001-1986.25.08.0623,10.12363/issn.1001-1986.25.08.0623,Key issues and research prospects of the commingled-production compatibility of deep superimposed coalbed methane systems,key issues and research prospects of the commingledproduction compatibility of deep superimposed coalbed methane systems,深部叠置煤层气系统合采兼容性关键问题与研究展望,深部叠置煤层气系统合采兼容性关键问题与研究展望,GUO Chen,2026,Coal Geology & Exploration,https://cge.researchcommons.org/journal/vol54/iss5/12/,题名、前列作者、年份、期刊卷期文章号、DOI和官方网页已核验；完整作者待按期刊页导出核对
DCBM-048,10.12363/issn.1001-1986.25.02.0135,10.12363/issn.1001-1986.25.02.0135,Dynamic gas supply mechanism and theoretical production modes of free gas-rich deep coal reservoirs,dynamic gas supply mechanism and theoretical production modes of free gasrich deep coal reservoirs,富游离气深部煤储层动态供气机制与理论生产模式,富游离气深部煤储层动态供气机制与理论生产模式,CHEN Shida,2025,Coal Geology & Exploration,https://cge.researchcommons.org/journal/vol53/iss4/6/,题名、前列作者、年份、期刊卷期文章号、DOI和官方网页已核验；完整作者待按期刊页导出核对
DCBM-049,10.12363/issn.1001-1986.25.02.0083,10.12363/issn.1001-1986.25.02.0083,Reflections and implementation strategies for constructing a standard system for deep coalbed methane exploration and exploitation,reflections and implementation strategies for constructing a standard system for deep coalbed methane exploration and exploitation,深部煤层气勘探开发标准体系建设思考与实施策略,深部煤层气勘探开发标准体系建设思考与实施策略,CHEN Xinjun,2025,Coal Geology & Exploration,https://cge.researchcommons.org/journal/vol53/iss4/7/,题名、前列作者、年份、期刊卷期文章号、DOI和官方网页已核验；完整作者待按期刊页导出核对
DCBM-050,10.12363/issn.1001-1986.25.10.0793,10.12363/issn.1001-1986.25.10.0793,Coupling mechanisms of fracture propagation and proppant transport in deep coalbed methane reservoirs,coupling mechanisms of fracture propagation and proppant transport in deep coalbed methane reservoirs,深部煤层气储层裂缝扩展与支撑剂运移耦合机制,深部煤层气储层裂缝扩展与支撑剂运移耦合机制,GUO Xiaodong,2026,Coal Geology & Exploration,https://cge.researchcommons.org/journal/vol54/iss3/9/,题名、前列作者、年份、期刊卷期文章号、DOI和官方网页已核验；完整作者待按期刊页导出核对
DCBM-051,10.12363/issn.1001-1986.25.02.0088,10.12363/issn.1001-1986.25.02.0088,Well spacing optimization technology for coalbed methane horizontal wells,well spacing optimization technology for coalbed methane horizontal wells,煤层气水平井井距优化技术,煤层气水平井井距优化技术,WANG Yuting,2025,Coal Geology & Exploration,https://cge.researchcommons.org/journal/vol53/iss8/9/,题名、前列作者、年份、期刊卷期文章号、DOI和官方网页已核验；深部相关性为方法借鉴
DCBM-052,10.12363/issn.1001-1986.25.12.0917,10.12363/issn.1001-1986.25.12.0917,Evaluation and research progress of CO2 sequestration in deep coal seams,evaluation and research progress of co2 sequestration in deep coal seams,深部煤层二氧化碳封存评价与研究进展,深部煤层二氧化碳封存评价与研究进展,XIONG Yucan,2026,Coal Geology & Exploration,https://cge.researchcommons.org/journal/vol54/iss4/8/,题名、前列作者、年份、期刊卷期文章号、DOI和官方网页已核验；完整作者待按期刊页导出核对
DCBM-053,10.1016/j.fuel.2025.137310,10.1016/j.fuel.2025.137310,Dynamic distribution patterns and release behavior of adsorbed gas/free gas during deep coalbed methane production,dynamic distribution patterns and release behavior of adsorbed gasfree gas during deep coalbed methane production,深部煤层气生产过程中吸附气/游离气动态分布与释放行为,深部煤层气生产过程中吸附气游离气动态分布与释放行为,LI Cunlei,2026,Fuel,https://www.sciencedirect.com/science/article/abs/pii/S0016236125030352,题名、作者、期刊卷、文章号、DOI和ScienceDirect卷页已核验
DCBM-054,10.1016/j.rineng.2025.107078,10.1016/j.rineng.2025.107078,Hydraulic fracture initiation and propagation mechanisms in deep coalbed methane reservoirs based on Computed Tomography image reconstruction,hydraulic fracture initiation and propagation mechanisms in deep coalbed methane reservoirs based on computed tomography image reconstruction,基于CT图像重构的深部煤层气储层水力裂缝起裂与扩展机制,基于ct图像重构的深部煤层气储层水力裂缝起裂与扩展机制,LIU Wei,2025,Results in Engineering,https://www.sciencedirect.com/science/article/pii/S2590123025031330,题名、作者、DOI和ScienceDirect页面已核验；卷号来自ScienceDirect/ResearchGate页面
DCBM-055,10.1038/s41598-026-47379-9,10.1038/s41598-026-47379-9,"Pore structure of deep high-rank coal and its impact on coalbed methane adsorption: a case study of the Daning-Jixian block, Eastern Ordos Basin",pore structure of deep highrank coal and its impact on coalbed methane adsorption a case study of the daningjixian block eastern ordos basin,深部高阶煤孔隙结构及其对煤层气吸附的影响：以鄂尔多斯盆地东缘大宁—吉县区块为例,深部高阶煤孔隙结构及其对煤层气吸附的影响以鄂尔多斯盆地东缘大宁吉县区块为例,CHEN Haonan,2026,Scientific Reports,https://www.nature.com/articles/s41598-026-47379-9,题名、全部作者、期刊卷号、文章号、DOI、发表日期和官方页面已核验
DCBM-056,10.3389/feart.2026.1802616,10.3389/feart.2026.1802616,Enrichment model and optimization of favorable areas for coalbed methane in the upper Permian of southern Sichuan Basin—a case study of Gaoxian-Gongxian area,enrichment model and optimization of favorable areas for coalbed methane in the upper permian of southern sichuan basina case study of gaoxiangongxian area,川南上二叠统煤层气富集模式与有利区优选：以高县—珙县地区为例,川南上二叠统煤层气富集模式与有利区优选以高县珙县地区为例,CHEN Feng,2026,Frontiers in Earth Science,https://www.frontiersin.org/journals/earth-science/articles/10.3389/feart.2026.1802616/full,题名、作者、期刊卷、文章号、DOI和Frontiers官方页面已核验；深部相关性需精读确认
DCBM-057,10.3389/feart.2025.1690793,10.3389/feart.2025.1690793,"Sedimentary environmental constraints on organic matter enrichment in the coal-bearing Permian Longtan Formation: a case study from NT1H Well, Central Sichuan Basin, China",sedimentary environmental constraints on organic matter enrichment in the coalbearing permian longtan formation a case study from nt1h well central sichuan basin china,川中盆地NT1H井二叠系龙潭组含煤地层有机质富集的沉积环境约束,川中盆地nt1h井二叠系龙潭组含煤地层有机质富集的沉积环境约束,YAO Yi,2025,Frontiers in Earth Science,https://www.frontiersin.org/journals/earth-science/articles/10.3389/feart.2025.1690793/full,题名、作者、期刊卷、文章号、DOI、发表日期和Frontiers官方页面已核验
DCBM-058,10.3389/feart.2025.1650747,10.3389/feart.2025.1650747,Multiphase flow modeling and optimization design method of dual gas lift for liquid unloading in dual-gas co-production wells,multiphase flow modeling and optimization design method of dual gas lift for liquid unloading in dualgas coproduction wells,双气合采井双管气举排液多相流建模与优化设计方法,双气合采井双管气举排液多相流建模与优化设计方法,CAO Yang,2025,Frontiers in Earth Science,https://www.frontiersin.org/journals/earth-science/articles/10.3389/feart.2025.1650747/full,题名、作者、期刊卷、文章号、DOI和Frontiers官方页面已核验
DCBM-059,10.1016/j.fuel.2025.136188,10.1016/j.fuel.2025.136188,Occurrence and transformation mechanism of deep coalbed methane in medium and high rank coal under temperature and pressure coupling control,occurrence and transformation mechanism of deep coalbed methane in medium and high rank coal under temperature and pressure coupling control,温压耦合控制下中高阶煤深部煤层气赋存与转化机制,温压耦合控制下中高阶煤深部煤层气赋存与转化机制,LI Cunlei,2026,Fuel,https://www.sciencedirect.com/science/article/abs/pii/S0016236125019131,题名、作者、期刊卷、文章号、DOI和ScienceDirect/UQ页面已核验
DCBM-060,10.1021/acsomega.5c04400,10.1021/acsomega.5c04400,Molecular Insights of Deep Coalbed Methane Adsorption Characteristics and Production Mechanisms in a Slit-Pore Model,molecular insights of deep coalbed methane adsorption characteristics and production mechanisms in a slitpore model,狭缝孔模型中深部煤层气吸附特征与生产机制的分子尺度认识,狭缝孔模型中深部煤层气吸附特征与生产机制的分子尺度认识,CHEN Fangxuan,2025,ACS Omega,https://pubs.acs.org/doi/abs/10.1021/acsomega.5c04400,题名、作者、DOI、ACS页面/补充数据页面已核验；卷期页码待按ACS最终页面补全
DCBM-061,10.3390/separations13010019,10.3390/separations13010019,Analysis of Occurrence of Deep Coalbed Methane and Its “Desorption–Diffusion–Seepage” Process,analysis of occurrence of deep coalbed methane and its desorptiondiffusionseepage process,深部煤层气赋存及其“解吸—扩散—渗流”过程分析,深部煤层气赋存及其解吸扩散渗流过程分析,ZHANG Bingwen,2026,Separations,https://www.mdpi.com/2297-8739/13/1/19,题名、作者、卷期文章号、DOI和MDPI/ResearchGate页面已核验
DCBM-062,10.3390/en18030699,10.3390/en18030699,Gas Content and Gas Occurrence Mechanism of Deep Coal Seams in the Shenfu-Linxing Block,gas content and gas occurrence mechanism of deep coal seams in the shenfulinxing block,神府—临兴区块深部煤层含气量与气体赋存机制,神府临兴区块深部煤层含气量与气体赋存机制,MA Litao,2025,Energies,https://www.mdpi.com/1996-1073/18/3/699,题名、作者、DOI、卷期文章号由公开页面/文献页核验
DCBM-063,10.1016/j.coal.2025.104696,10.1016/j.coal.2025.104696,Dynamic evolution and differential enrichment of deep coalbed methane: A case study in Qinshui Basin,dynamic evolution and differential enrichment of deep coalbed methane a case study in qinshui basin,深部煤层气动态演化与差异富集：以沁水盆地为例,深部煤层气动态演化与差异富集以沁水盆地为例,YANG Xiongxiong,2025,International Journal of Coal Geology,https://www.sciencedirect.com/science/article/abs/pii/S0166516225000138,题名、作者、期刊卷、文章号、DOI和ScienceDirect页面已核验
DCBM-064,10.7623/syxb202311002,10.7623/syxb202311002,Evolution law of deep coalbed methane reservoir formation and exploration and development practice in the eastern margin of Ordos Basin,evolution law of deep coalbed methane reservoir formation and exploration and development practice in the eastern margin of ordos basin,鄂尔多斯盆地东缘深部煤层气成藏演化规律与勘探开发实践,鄂尔多斯盆地东缘深部煤层气成藏演化规律与勘探开发实践,XU Fengyin,2023,Acta Petrolei Sinica / 石油学报,https://www.syxb-cps.com.cn/EN/10.7623/syxb202311002,题名、作者、卷期页码、DOI与期刊页已核验
DCBM-065,10.7623/syxb202311005,10.7623/syxb202311005,"Analysis of multi-factor coupling control mechanism, desorption law and development effect of deep coalbed methane",analysis of multifactor coupling control mechanism desorption law and development effect of deep coalbed methane,深部煤层气多要素耦合控制机理、解吸规律与开发效果剖析,深部煤层气多要素耦合控制机理解吸规律与开发效果剖析,XIONG Xianyue,2023,Acta Petrolei Sinica / 石油学报,https://www.syxb-cps.com.cn/CN/10.7623/syxb202311005,题名、DOI、卷期页码与期刊页已核验；作者列表需终版复核
DCBM-066,10.7623/syxb202311006,10.7623/syxb202311006,"Breakthrough, future challenges and countermeasures of deep coalbed methane in the eastern margin of Ordos Basin: a case study of Linxing-Shenfu block",breakthrough future challenges and countermeasures of deep coalbed methane in the eastern margin of ordos basin a case study of linxingshenfu block,鄂尔多斯盆地东缘深部煤层气勘探突破及未来面临的挑战与对策——以临兴—神府区块为例,鄂尔多斯盆地东缘深部煤层气勘探突破及未来面临的挑战与对策以临兴神府区块为例,LIU Jianzhong,2023,Acta Petrolei Sinica / 石油学报,https://www.syxb-cps.com.cn/EN/10.7623/syxb202311006,题名、作者、卷期页码、DOI与期刊页已核验
DCBM-067,10.7623/syxb202311007,10.7623/syxb202311007,Application of new rock mechanical stratigraphy in sweet spot prediction for deep coalbed methane exploration and development,application of new rock mechanical stratigraphy in sweet spot prediction for deep coalbed methane exploration and development,岩石力学地层新方法在深部煤层气勘探开发“甜点”预测中的应用,岩石力学地层新方法在深部煤层气勘探开发甜点预测中的应用,SANG Shuxun,2023,Acta Petrolei Sinica / 石油学报,https://www.syxb-cps.com.cn/CN/10.7623/syxb202311007,题名、作者、DOI与期刊页已核验
DCBM-068,10.7623/syxb202311008,10.7623/syxb202311008,Pore structure characteristics and gas storage potential of deep coal reservoirs in Daning-Jixian block of Ordos Basin,pore structure characteristics and gas storage potential of deep coal reservoirs in daningjixian block of ordos basin,鄂尔多斯盆地大宁—吉县区块深部煤储层孔隙结构特征及储气潜力,鄂尔多斯盆地大宁吉县区块深部煤储层孔隙结构特征及储气潜力,TANG Shuling,2023,Acta Petrolei Sinica / 石油学报,https://www.syxb-cps.com.cn/CN/10.7623/syxb202311008,题名、作者、卷期页码、DOI与期刊页已核验
DCBM-069,10.7623/syxb202311009,10.7623/syxb202311009,Pore structure characteristics and exploration significance of deep coal reservoirs: a case study of Daning-Jixian block in the eastern margin of Ordos Basin,pore structure characteristics and exploration significance of deep coal reservoirs a case study of daningjixian block in the eastern margin of ordos basin,深部煤储层孔隙结构特征及其勘探意义——以鄂尔多斯盆地东缘大宁—吉县区块为例,深部煤储层孔隙结构特征及其勘探意义以鄂尔多斯盆地东缘大宁吉县区块为例,ZHANG Lei,2023,Acta Petrolei Sinica / 石油学报,https://www.syxb-cps.com.cn/EN/10.7623/syxb202311009,题名、作者、摘要、卷期页码、DOI与期刊页已核验
DCBM-070,10.7623/syxb202311010,10.7623/syxb202311010,Phase control factors and content prediction model of deep coalbed methane in Daning-Jixian block,phase control factors and content prediction model of deep coalbed methane in daningjixian block,大宁—吉县区块深部煤层气相态控制因素及含量预测模型,大宁吉县区块深部煤层气相态控制因素及含量预测模型,YANG Jiaosheng,2023,Acta Petrolei Sinica / 石油学报,https://www.syxb-cps.com.cn/CN/10.7623/syxb202311010,题名、作者、卷期页码、DOI与期刊页已核验
DCBM-071,10.7623/syxb202311011,10.7623/syxb202311011,Evaluation and correction of prediction model for free gas content in deep coalbed methane: a case study of deep coal seams in the eastern margin of Ordos Basin,evaluation and correction of prediction model for free gas content in deep coalbed methane a case study of deep coal seams in the eastern margin of ordos basin,深部煤层气游离气含量预测模型评价与校正——以鄂尔多斯盆地东缘深部煤层为例,深部煤层气游离气含量预测模型评价与校正以鄂尔多斯盆地东缘深部煤层为例,LI Yong,2023,Acta Petrolei Sinica / 石油学报,https://www.syxb-cps.com.cn/CN/10.7623/syxb202311011,题名、作者、卷期页码、DOI与期刊页已核验
DCBM-072,10.7623/syxb202311012,10.7623/syxb202311012,Research progress and application effect of key seismic exploration technologies of deep coalbed methane in Ordos Basin,research progress and application effect of key seismic exploration technologies of deep coalbed methane in ordos basin,鄂尔多斯盆地深部煤层气地震勘探关键技术进展与应用成效,鄂尔多斯盆地深部煤层气地震勘探关键技术进展与应用成效,HU Chaojun,2023,Acta Petrolei Sinica / 石油学报,https://www.syxb-cps.com.cn/CN/10.7623/syxb202311012,题名、作者、卷期页码、DOI与期刊页已核验
DCBM-073,10.7623/syxb202311013,10.7623/syxb202311013,Geological characteristics and development countermeasures of deep coalbed methane,geological characteristics and development countermeasures of deep coalbed methane,深部煤层气地质特征与开发对策,深部煤层气地质特征与开发对策,JIANG Tongwen,2023,Acta Petrolei Sinica / 石油学报,https://www.syxb-cps.com.cn/EN/10.7623/syxb202311013,题名、作者、卷期页码、DOI与期刊页已核验
DCBM-074,10.7623/syxb202502001,10.7623/syxb202502001,"Upgrading of deep coalbed methane industry and establishment of the ""Eight-in-One"" system",upgrading of deep coalbed methane industry and establishment of the eightinone system,深部煤层气产业升级与“八个一体化”体系的建立,深部煤层气产业升级与八个一体化体系的建立,XU Fengyin,2025,Acta Petrolei Sinica / 石油学报,https://www.syxb-cps.com.cn/CN/10.7623/syxb202502001,题名、作者、卷期页码、DOI与期刊页已核验
DCBM-075,10.7623/syxb202505002,10.7623/syxb202505002,"Geological characteristics and exploration prospects of deep coalbed methane enriched in Carboniferous Benxi Formation, Ordos Basin",geological characteristics and exploration prospects of deep coalbed methane enriched in carboniferous benxi formation ordos basin,鄂尔多斯盆地石炭系本溪组深部煤层气富集地质特征及勘探前景,鄂尔多斯盆地石炭系本溪组深部煤层气富集地质特征及勘探前景,HOU Yuting,2025,Acta Petrolei Sinica / 石油学报,https://www.syxb-cps.com.cn/EN/10.7623/syxb202505002,题名、作者、卷期页码、DOI与期刊页已核验
DCBM-076,10.7623/syxb202508002,10.7623/syxb202508002,Geological particularities and desorption-production patterns of deep coalbed methane,geological particularities and desorptionproduction patterns of deep coalbed methane,深部煤层气地质特殊性与释放产出规律,深部煤层气地质特殊性与释放产出规律,YANG Zhaobiao,2025,Acta Petrolei Sinica / 石油学报,https://www.syxb-cps.com.cn/EN/10.7623/syxb202508002,题名、作者、卷期页码、DOI与期刊页已核验
DCBM-077,10.7623/syxb202512012,10.7623/syxb202512012,Mechanism and practical significance of velocity sensitivity effects in propped fractures of deep coal seams,mechanism and practical significance of velocity sensitivity effects in propped fractures of deep coal seams,深部煤层支撑裂缝速敏效应影响机制及实践意义,深部煤层支撑裂缝速敏效应影响机制及实践意义,YAN Xia,2025,Acta Petrolei Sinica / 石油学报,https://epjournal.csee.org.cn/zh/article/doi/10.7623/syxb202512012/,题名、作者、卷期页码、DOI与期刊页已核验；网络出版状态需持续跟踪
DCBM-078,10.3969/j.issn.1672-7703.2025.04.002,10.3969/j.issn.1672-7703.2025.04.002,Scientific significance and energy strategic impact of deep coalbed methane breakthrough,scientific significance and energy strategic impact of deep coalbed methane breakthrough,深层煤岩气突破的科学价值及能源战略影响,深层煤岩气突破的科学价值及能源战略影响,ZHOU Lihong,2025,China Petroleum Exploration / 中国石油勘探,https://html.rhhz.net/ZGSYKT/html/2025/4/20250402.htm,题名、作者、卷期页码、DOI与官方网页已核验
DCBM-079,10.11781/sysydz2026020272,10.11781/sysydz2026020272,Proposed measures for deep coalbed methane exploration and production practices and high-quality development in China,proposed measures for deep coalbed methane exploration and production practices and highquality development in china,中国深部煤层气勘探开发实践与高质量发展建议,中国深部煤层气勘探开发实践与高质量发展建议,CHEN Hong,2026,Petroleum Geology & Experiment / 石油实验地质,https://base4sysydz.xml-journal.net/en/article/doi/10.11781/sysydz2026020272,题名、作者、卷期页码、DOI与期刊页已核验
DCBM-080,10.1016/j.engeos.2026.100586,10.1016/j.engeos.2026.100586,Prospects and exploration directions of deep coalbed methane resources in China,prospects and exploration directions of deep coalbed methane resources in china,中国深部煤层气资源前景与勘探方向,中国深部煤层气资源前景与勘探方向,WANG Jian,2026,Energy Geoscience,https://www.sciencedirect.com/science/article/pii/S2666759226000697,题名、DOI、期刊页已核验；作者列表以期刊最终页为准待补全
DCBM-081,10.1016/j.engeos.2026.100560,10.1016/j.engeos.2026.100560,Temperature-driven enhancement of methane-water displacement in low-rank coal: Experimental insights for deep CBM recovery,temperaturedriven enhancement of methanewater displacement in lowrank coal experimental insights for deep cbm recovery,温度驱动低阶煤甲烷—水驱替增强：对深部煤层气采收的实验认识,温度驱动低阶煤甲烷水驱替增强对深部煤层气采收的实验认识,PAN Tuo,2026,Energy Geoscience,https://www.sciencedirect.com/science/article/pii/S2666759226000430,题名、作者、DOI、期刊卷期信息已核验
DCBM-082,10.11698/PED.20250175,10.11698/ped.20250175,"Theory and practice of coalbed methane/coal-rock gas depositional unification and structural divergence model: A case study of the No. 8 coal seam of the Carboniferous Benxi Formation in the Daji block, Ordos Basin, NW China",theory and practice of coalbed methanecoalrock gas depositional unification and structural divergence model a case study of the no 8 coal seam of the carboniferous benxi formation in the daji block ordos basin nw china,煤层气/煤岩气“沉积统一、构造分异”模式理论与实践：以鄂尔多斯盆地大吉区块石炭系本溪组8号煤为例,煤层气煤岩气沉积统一构造分异模式理论与实践以鄂尔多斯盆地大吉区块石炭系本溪组8号煤为例,ZHOU Lihong,2025,Petroleum Exploration and Development / 石油勘探与开发,https://ped.cpedm.com/EN/10.11698/PED.20250175,题名、作者、DOI与期刊页已核验；卷期页码待正式出版补齐
DCBM-083,10.1021/acsomega.5c02056,10.1021/acsomega.5c02056,"Deep Coal-rock Gas in China: A Review of Distribution, Geological Characteristics, and Its Enrichment Conditions",deep coalrock gas in china a review of distribution geological characteristics and its enrichment conditions,中国深层煤岩气分布、地质特征及富集条件综述,中国深层煤岩气分布地质特征及富集条件综述,LI Gang,2025,ACS Omega,https://pubs.acs.org/doi/10.1021/acsomega.5c02056,题名、作者、卷期页码、DOI与ACS页面已核验
DCBM-084,10.1021/acs.energyfuels.5c02176,10.1021/acs.energyfuels.5c02176,Review on Deep Coal Measure Gas Accumulation and Its Geological Effects of Efficient Coproduction,review on deep coal measure gas accumulation and its geological effects of efficient coproduction,深部煤系气成藏及高效合采地质效应综述,深部煤系气成藏及高效合采地质效应综述,LIU Dameng,2025,Energy & Fuels,https://pubs.acs.org/doi/10.1021/acs.energyfuels.5c02176,题名、作者、卷期页码、DOI与ACS页面已核验
DCBM-085,10.1016/j.fuel.2019.116917,10.1016/j.fuel.2019.116917,Evaluation of gas contents for a multi-seam deep coalbed methane reservoir and their geological controls: In situ direct method versus indirect method,evaluation of gas contents for a multiseam deep coalbed methane reservoir and their geological controls in situ direct method versus indirect method,多煤层深部煤层气储层含气量评价及地质控制：原位直接法与间接法对比,多煤层深部煤层气储层含气量评价及地质控制原位直接法与间接法对比,HOU Xiaowei,2020,Fuel,https://www.sciencedirect.com/science/article/pii/S0016236119323105,题名、作者、期刊、卷、文章号、DOI与ScienceDirect页面已核验
DCBM-086,10.1016/j.jngse.2020.103712,10.1016/j.jngse.2020.103712,"Implications of geological conditions on gas content and geochemistry of deep coalbed methane reservoirs from the Panji Deep Area in the Huainan Coalfield, China",implications of geological conditions on gas content and geochemistry of deep coalbed methane reservoirs from the panji deep area in the huainan coalfield china,淮南煤田潘集深部区深部煤层气储层地质条件对含气量和地球化学特征的影响,淮南煤田潘集深部区深部煤层气储层地质条件对含气量和地球化学特征的影响,WEI Qian,2021,Journal of Natural Gas Science and Engineering,https://www.sciencedirect.com/science/article/abs/pii/S1875510020305667,题名、期刊、卷、文章号、DOI已核验；作者列表来自公开索引/期刊记录
DCBM-087,10.1016/j.coal.2024.104474,10.1016/j.coal.2024.104474,Quantitative characterization of the evolution of in-situ adsorption/free gas in deep coal seams: Insights from NMR fluid detection and geological time simulations,quantitative characterization of the evolution of insitu adsorptionfree gas in deep coal seams insights from nmr fluid detection and geological time simulations,深部煤层原位吸附气/游离气演化定量表征：来自核磁流体检测与地质时间模拟的认识,深部煤层原位吸附气游离气演化定量表征来自核磁流体检测与地质时间模拟的认识,YAO Yanbin,2024,International Journal of Coal Geology,https://www.sciencedirect.com/science/article/pii/S0166516224000314,题名、作者、期刊、卷、文章号、DOI与ScienceDirect页面已核验
DCBM-088,10.12438/cst.2025-0500,10.12438/cst.2025-0500,"Seismic prediction of geological-engineering sweet spots in deep coalbed methane reservoirs, Daniudi gas field",seismic prediction of geologicalengineering sweet spots in deep coalbed methane reservoirs daniudi gas field,大牛地气田深部煤层气储层地质—工程甜点地震预测,大牛地气田深部煤层气储层地质工程甜点地震预测,LI Xiaowei,2026,Coal Science and Technology / 煤炭科学技术,https://www.mtkxjs.com.cn/en/article/doi/10.12438/cst.2025-0500,题名、作者、卷期页码、DOI与期刊页已核验
DCBM-089,10.12438/cst.2025-0125,10.12438/cst.2025-0125,Establishment and application of material balance equation for deep coalbed methane reservoirs based on coal formation stimulation background,establishment and application of material balance equation for deep coalbed methane reservoirs based on coal formation stimulation background,煤层改造背景下深部煤层气藏物质平衡方程的建立与应用,煤层改造背景下深部煤层气藏物质平衡方程的建立与应用,SHI Juntai,2025,Coal Science and Technology / 煤炭科学技术,https://www.mtkxjs.com.cn/en/article/doi/10.12438/cst.2025-0125,题名、作者、卷期页码、DOI与期刊页已核验
DCBM-090,10.12438/cst.2025-0803,10.12438/cst.2025-0803,Characteristics of deep Jurassic coalbed methane reservoir and its pore-fracture structure in Junggar Basin,characteristics of deep jurassic coalbed methane reservoir and its porefracture structure in junggar basin,准噶尔盆地侏罗系深部煤层气储层及孔裂隙结构特征,准噶尔盆地侏罗系深部煤层气储层及孔裂隙结构特征,MI Julei,2026,Coal Science and Technology / 煤炭科学技术,https://www.mtkxjs.com.cn/en/article/doi/10.12438/cst.2025-0803,题名、作者、卷期页码、DOI与期刊页已核验
DCBM-091,10.12438/cst.2025-0028,10.12438/cst.2025-0028,Economic evaluation and investment decision-making process of deep coalbed methane exploration and development projects,economic evaluation and investment decisionmaking process of deep coalbed methane exploration and development projects,深部煤层气勘探开发项目经济评价与投资决策流程,深部煤层气勘探开发项目经济评价与投资决策流程,DAI Youjin,2025,Coal Science and Technology / 煤炭科学技术,https://www.mtkxjs.com.cn/en/article/doi/10.12438/cst.2025-0028,题名、作者、卷期页码、DOI与期刊页已核验
DCBM-092,10.12438/cst.2025-0020,10.12438/cst.2025-0020,Research and application of micro-scale fracture prediction technology for deep coalbed methane based on five-dimensional seismic data,research and application of microscale fracture prediction technology for deep coalbed methane based on fivedimensional seismic data,基于五维地震数据的深部煤层气微尺度裂缝预测技术研究与应用,基于五维地震数据的深部煤层气微尺度裂缝预测技术研究与应用,ZHANG Lei,2025,Coal Science and Technology / 煤炭科学技术,https://www.mtkxjs.com.cn/en/article/doi/10.12438/cst.2025-0020,题名、作者、卷期页码、DOI与期刊页已核验
DCBM-093,10.12438/cst.2024-1204,10.12438/cst.2024-1204,Fracturing interference behavior and mechanism of deep coalbed methane horizontal wells in the Daning-Jixian Block,fracturing interference behavior and mechanism of deep coalbed methane horizontal wells in the daningjixian block,大宁—吉县区块深部煤层气水平井压裂干扰行为与机理,大宁吉县区块深部煤层气水平井压裂干扰行为与机理,CHAO Haiyan,2025,Coal Science and Technology / 煤炭科学技术,https://www.mtkxjs.com.cn/en/article/doi/10.12438/cst.2024-1204,题名、作者、卷期页码、DOI与期刊页已核验
DCBM-094,10.12438/cst.2025-0032,10.12438/cst.2025-0032,History and development direction of iterative upgrading of deep coalbed methane reservoir reconstruction technology: Taking the Daji Block in the eastern margin of the Ordos Basin as an example,history and development direction of iterative upgrading of deep coalbed methane reservoir reconstruction technology taking the daji block in the eastern margin of the ordos basin as an example,深部煤层气储层改造技术迭代升级历史与发展方向：以鄂尔多斯盆地东缘大吉区块为例,深部煤层气储层改造技术迭代升级历史与发展方向以鄂尔多斯盆地东缘大吉区块为例,XU Fengyin,2025,Coal Science and Technology / 煤炭科学技术,https://mtkxjs.com.cn/en/article/doi/10.12438/cst.2025-0032,题名、作者、卷期页码、DOI与期刊页已核验
DCBM-095,10.13225/j.cnki.jccs.2015.9003,10.13225/j.cnki.jccs.2015.9003,Progress and study on exploration and production for deep coalbed methane,progress and study on exploration and production for deep coalbed methane,深部煤层气勘探开发进展与研究,深部煤层气勘探开发进展与研究,LI Xinzi,2016,Journal of China Coal Society / 煤炭学报,https://www.mtxb.com.cn/en/article/doi/10.13225/j.cnki.jccs.2015.9003,题名、作者、DOI与期刊页已核验；页码按期刊引用与公开索引补充
DCBM-096,,,On the fundamental issues of deep coalbed methane geology,on the fundamental issues of deep coalbed methane geology,论深部煤层气基本地质问题,论深部煤层气基本地质问题,QIN Yong,2016,Acta Petrolei Sinica / 石油学报,https://www.syxb-cps.com.cn/CN/abstract/abstract4991.shtml,题名、作者、卷期页码与期刊页已核验；DOI未在期刊页显示
DCBM-097,10.1016/j.uncres.2022.06.001,10.1016/j.uncres.2022.06.001,"Reservoir characteristics and gas production potential of deep coalbed methane: Insights from the no. 15 coal seam in Shouyang block, Qinshui Basin, China",reservoir characteristics and gas production potential of deep coalbed methane insights from the no 15 coal seam in shouyang block qinshui basin china,沁水盆地寿阳区块15号煤深部煤层气储层特征与产气潜力,沁水盆地寿阳区块15号煤深部煤层气储层特征与产气潜力,JIANG Wenping,2022,Unconventional Resources,https://www.sciencedirect.com/science/article/pii/S2666519022000024,题名、作者、DOI与ScienceDirect页面已核验
DCBM-098,10.13225/j.cnki.jccs.2018.4036,10.13225/j.cnki.jccs.2018.4036,Gas analysis of deep coalbed methane and its geological model for development in Linxing Block,gas analysis of deep coalbed methane and its geological model for development in linxing block,临兴深部煤层气含气性及开发地质模式分析,临兴深部煤层气含气性及开发地质模式分析,GAO Lijun,2018,Journal of China Coal Society / 煤炭学报,https://www.mtxb.com.cn/fileMTXB/journal/article/mtxb/html/2018/6/20180814%E7%85%A4%E7%82%AD%E5%AD%A6%E6%8A%A5201806017.html,题名、第一作者、卷期页码、DOI与期刊HTML页已核验；全作者待全文补齐
DCBM-099,10.3390/pr11113093,10.3390/pr11113093,"Quantitative Prediction of Deep Coalbed Methane Content in Daning-Jixian Block, Ordos Basin, China",quantitative prediction of deep coalbed methane content in daningjixian block ordos basin china,鄂尔多斯盆地大宁—吉县区块深部煤层气含量定量预测,鄂尔多斯盆地大宁吉县区块深部煤层气含量定量预测,OUYANG Zheyuan,2023,Processes,https://www.mdpi.com/2227-9717/11/11/3093,题名、作者、卷期文章号、DOI与MDPI页面已核验
DCBM-100,10.3390/pr11010200,10.3390/pr11010200,Interpretation Method for Lost Gas in Deep Coalbed and Its Application,interpretation method for lost gas in deep coalbed and its application,深部煤层损失气解释方法及其应用,深部煤层损失气解释方法及其应用,DENG Ze,2023,Processes,https://www.mdpi.com/2227-9717/11/1/200,题名、作者、卷期文章号、DOI与MDPI页面已核验
DCBM-101,10.3390/pr12040820,10.3390/pr12040820,"Evaluation of Deep Coalbed Methane Potential and Prediction of Favorable Areas within the Yulin Area, Ordos Basin, Based on a Multi-Level Fuzzy Comprehensive Evaluation Method",evaluation of deep coalbed methane potential and prediction of favorable areas within the yulin area ordos basin based on a multilevel fuzzy comprehensive evaluation method,基于多层次模糊综合评价的鄂尔多斯盆地榆林地区深部煤层气潜力评价与有利区预测,基于多层次模糊综合评价的鄂尔多斯盆地榆林地区深部煤层气潜力评价与有利区预测,ZHOU Keyu,2024,Processes,https://www.mdpi.com/2227-9717/12/4/820,题名、作者、卷期文章号、DOI与MDPI页面已核验
DCBM-102,10.3390/pr13010031,10.3390/pr13010031,Prediction of Influencing Factors on Estimated Ultimate Recovery of Deep Coalbed Methane: A Case Study of the Daning-Jixian Block,prediction of influencing factors on estimated ultimate recovery of deep coalbed methane a case study of the daningjixian block,深部煤层气最终可采储量影响因素预测：以大宁—吉县区块为例,深部煤层气最终可采储量影响因素预测以大宁吉县区块为例,WANG Feng,2025,Processes,https://www.mdpi.com/2227-9717/13/1/31,题名、作者、卷期文章号、DOI按MDPI版本说明页核验
DCBM-103,10.3390/pr13103149,10.3390/pr13103149,Research and Application of Deep Coalbed Gas Production Capacity Prediction Models,research and application of deep coalbed gas production capacity prediction models,深部煤层气产能预测模型研究与应用,深部煤层气产能预测模型研究与应用,HU Aiguo,2025,Processes,https://www.mdpi.com/2227-9717/13/10/3149,题名、作者、卷期文章号、DOI与MDPI页面已核验
DCBM-104,10.3390/pr14091340,10.3390/pr14091340,The Construction of a Deep Coalbed Methane Content Logging Model: A Case Study of the Daning-Jixian Area,the construction of a deep coalbed methane content logging model a case study of the daningjixian area,深部煤层气含量测井模型构建：以大宁—吉县地区为例,深部煤层气含量测井模型构建以大宁吉县地区为例,LI Yongzhou,2026,Processes,https://www.mdpi.com/2227-9717/14/9/1340,题名、卷期文章号、DOI已由MDPI/检索页核验；作者列表待全文页补齐
DCBM-105,10.3390/pr14101663,10.3390/pr14101663,Dynamic Evolution of Gas-Water Displacement and Microscopic Fluid Occurrence in Deep Coalbed Methane,dynamic evolution of gaswater displacement and microscopic fluid occurrence in deep coalbed methane,深部煤层气气水驱替动态演化与微观流体赋存,深部煤层气气水驱替动态演化与微观流体赋存,WANG Yuan,2026,Processes,https://www.mdpi.com/2227-9717/14/10/1663,题名、期刊、卷期文章号、DOI由MDPI/检索页核验；作者列表待全文页补齐
DCBM-106,10.1007/s11770-026-1503-1,10.1007/s11770-026-1503-1,Prediction method of deep CBM reservoir thickness based on improved XGBoost,prediction method of deep cbm reservoir thickness based on improved xgboost,基于改进XGBoost的深部煤层气储层厚度预测方法,基于改进xgboost的深部煤层气储层厚度预测方法,HUANG Ya-ping,2026,Applied Geophysics,https://link.springer.com/article/10.1007/s11770-026-1503-1,官方题录/DOI已初步核验；需后续全文精读补充定量数据
DCBM-107,10.12363/issn.1001-1986.26.04.0228,10.12363/issn.1001-1986.26.04.0228,Progress and prospects in optimal design technology for differential three-dimensional development of deep CBM reservoirs: A case study of the Ordos Basin,progress and prospects in optimal design technology for differential threedimensional development of deep cbm reservoirs a case study of the ordos basin,深部煤层气藏差异化立体开发优化设计技术进展与展望——以鄂尔多斯盆地为例,深部煤层气藏差异化立体开发优化设计技术进展与展望以鄂尔多斯盆地为例,YAN Xia,2026,Coal Geology & Exploration / 煤田地质与勘探,https://www.mtdzykt.com/article/doi/10.12363/issn.1001-1986.26.04.0228,官方题录/DOI已初步核验；需后续全文精读补充定量数据
DCBM-108,10.12363/issn.1001-1986.25.11.0838,10.12363/issn.1001-1986.25.11.0838,Research and practice of four-dimensional stress field in deep CBM: A case study of the Daning-Jixian Block,research and practice of fourdimensional stress field in deep cbm a case study of the daningjixian block,深部煤层气四维地应力场研究与实践——以大宁—吉县区块为例,深部煤层气四维地应力场研究与实践以大宁吉县区块为例,WANG Chengwang,2026,Coal Geology & Exploration / 煤田地质与勘探,https://www.mtdzykt.com/cn/article/id/befb711a-1f1a-4ecd-81d4-14111609dd03,官方题录/DOI已初步核验；需后续全文精读补充定量数据
DCBM-109,10.12017/dzkx.2026.046,10.12017/dzkx.2026.046,,,大宁—吉县地区本溪组8号煤层现今地应力分布规律及对压裂的影响,大宁吉县地区本溪组8号煤层现今地应力分布规律及对压裂的影响,TANG Yinghang,2026,Chinese Journal of Geology / 地质科学,https://www.dzkx.org/article/doi/10.12017/dzkx.2026.046,官方题录/DOI已初步核验；需后续全文精读补充定量数据
DCBM-110,10.1016/S1876-3804(26)60672-6,10.1016/s1876-3804(26)60672-6,Global coal-rock gas resource potential and distribution,global coalrock gas resource potential and distribution,全球煤岩气资源潜力与分布,全球煤岩气资源潜力与分布,LI Guoxin,2026,Petroleum Exploration and Development,https://ped.cpedm.com/EN/10.1016/S1876-3804%2826%2960672-6,官方题录/DOI已初步核验；需后续全文精读补充定量数据
DCBM-111,10.1177/25726838261439200,10.1177/25726838261439200,"Geological characteristics and gas accumulation condition of deep coal-rock gas in Carboniferous Benxi Formation, Western Ordos Basin, China",geological characteristics and gas accumulation condition of deep coalrock gas in carboniferous benxi formation western ordos basin china,鄂尔多斯盆地西部石炭系本溪组深部煤岩气地质特征与成藏条件,鄂尔多斯盆地西部石炭系本溪组深部煤岩气地质特征与成藏条件,JIN Hongxiang,2026,Applied Earth Science,https://journals.sagepub.com/doi/abs/10.1177/25726838261439200,官方题录/DOI已初步核验；需后续全文精读补充定量数据
DCBM-112,10.1021/acsomega.5c13668,10.1021/acsomega.5c13668,Dynamic Fracture Monitoring Technique in Deep Coal Seams Based on a Time-Varying Electric Field Method,dynamic fracture monitoring technique in deep coal seams based on a timevarying electric field method,基于时变电场法的深部煤层裂缝动态监测技术,基于时变电场法的深部煤层裂缝动态监测技术,ZHANG Jinshui,2026,ACS Omega,https://pubs.acs.org/doi/abs/10.1021/acsomega.5c13668,官方题录/DOI已初步核验；需后续全文精读补充定量数据
DCBM-113,10.6038/cjg2025T0410,10.6038/cjg2025t0410,,,裂缝充填型深部煤层气储层孔隙结构和物性参数反演方法,裂缝充填型深部煤层气储层孔隙结构和物性参数反演方法,GONG Fei,2026,Chinese Journal of Geophysics / 地球物理学报,https://www.geophy.cn/article/doi/10.6038/cjg2025T0410,官方题录/DOI已初步核验；需后续全文精读补充定量数据
DCBM-114,10.12363/issn.1001-1986.25.11.0870,10.12363/issn.1001-1986.25.11.0870,,,鄂东缘北部深部煤储层非均质性及其控产效应,鄂东缘北部深部煤储层非均质性及其控产效应,XI Zhaodong,2026,Coal Geology & Exploration / 煤田地质与勘探,https://www.mtdzykt.com/article/doi/10.12363/issn.1001-1986.25.11.0870,官方题录/DOI已初步核验；需后续全文精读补充定量数据
DCBM-115,10.1016/j.engeos.2026.100609,10.1016/j.engeos.2026.100609,Dynamic monitoring and effectiveness evaluation of mid-deep coalbed methane hydraulic fracturing via the wide-field electromagnetic method,dynamic monitoring and effectiveness evaluation of middeep coalbed methane hydraulic fracturing via the widefield electromagnetic method,基于广域电磁法的中深层煤层气压裂动态监测与效果评价,基于广域电磁法的中深层煤层气压裂动态监测与效果评价,XU Qiang,2026,Energy Geoscience,https://www.sciencedirect.com/science/article/pii/S2666759226000922,官方题录/DOI已初步核验；需后续全文精读补充定量数据
DCBM-116,10.12438/cst.2025-0436,10.12438/cst.2025-0436,,,靖边气田深部煤岩气水平井地质导向难点及对策,靖边气田深部煤岩气水平井地质导向难点及对策,QIAO Bo,2026,Coal Science and Technology / 煤炭科学技术,https://www.mtkxjs.com.cn/article/doi/10.12438/cst.2025-0436,官方题录/DOI已初步核验；需后续全文精读补充定量数据
DCBM-117,10.12438/cst.2025-1157,10.12438/cst.2025-1157,Practice and insights on CO2 pre-enhanced fracturing in deep coal measure gas reservoirs of Jixi Basin,practice and insights on co2 preenhanced fracturing in deep coal measure gas reservoirs of jixi basin,鸡西盆地深部煤系气CO2前置增能压裂实践与认识,鸡西盆地深部煤系气co2前置增能压裂实践与认识,BI Caiqin,2026,Coal Science and Technology / 煤炭科学技术,https://www.mtkxjs.com.cn/article/doi/10.12438/cst.2025-1157,官方题录/DOI已初步核验；需后续全文精读补充定量数据
DCBM-118,10.13225/j.cnki.jccs.YG25.1282,10.13225/j.cnki.jccs.yg25.1282,Mechanism and practice of post-fracturing soaking and pressure-controlled drainage in deep coalbed methane reservoirs,mechanism and practice of postfracturing soaking and pressurecontrolled drainage in deep coalbed methane reservoirs,深部煤层气压后焖井与控压排采机理及实践,深部煤层气压后焖井与控压排采机理及实践,ZHOU Lihong,2026,Journal of China Coal Society / 煤炭学报,https://www.mtxb.com.cn/en/article/doi/10.13225/j.cnki.jccs.YG25.1282,官方题录/DOI已初步核验；需后续全文精读补充定量数据
DCBM-119,10.1038/s41598-026-54924-z,10.1038/s41598-026-54924-z,Evaluating deep coal rock gas fracturing sweet spot intervals using PSO-ELM algorithm and petrophysical logging data,evaluating deep coal rock gas fracturing sweet spot intervals using psoelm algorithm and petrophysical logging data,基于 PSO-ELM 算法与岩石物理测井资料的深部煤岩气压裂甜点段评价,基于 psoelm 算法与岩石物理测井资料的深部煤岩气压裂甜点段评价,ZhiDi Liu,2026,Scientific Reports,https://www.nature.com/articles/s41598-026-54924-z,Nature 页面、DOI、题名、作者、摘要已核验
DCBM-120,10.1093/jge/gxag082,10.1093/jge/gxag082,Prediction Methods for Gas-bearing Properties in Deep Coal Measures in the Ordos Basin,prediction methods for gasbearing properties in deep coal measures in the ordos basin,鄂尔多斯盆地深部煤系含气性预测方法,鄂尔多斯盆地深部煤系含气性预测方法,Hui Pan,2026,Journal of Geophysics and Engineering,https://academic.oup.com/jge/advance-article/doi/10.1093/jge/gxag082/8708932,Oxford 页面、DOI、题名、作者、摘要已核验
DCBM-121,10.13225/j.cnki.jccs.QH25.0479,10.13225/j.cnki.jccs.qh25.0479,Productivity prediction and production performances of deep coalbed methane horizontal wells throughout full life cycle,productivity prediction and production performances of deep coalbed methane horizontal wells throughout full life cycle,深部煤层气水平井全生命周期产能预测与生产动态,深部煤层气水平井全生命周期产能预测与生产动态,YANG Jiaosheng,2026,Journal of China Coal Society / 煤炭学报,https://www.mtxb.com.cn/en/article/doi/10.13225/j.cnki.jccs.QH25.0479,煤炭学报页面、DOI、卷期页码、摘要已核验
